-- Queue.ai — seed: one medium Nigerian private hospital + the hospital care pathway (F1 template)
-- Demonstrable foundation: an org, a branch, departments, services, staff, and a published flow.
-- Run after migrations. Idempotent-ish: wrap in a transaction; safe to re-run on a fresh DB.

begin;

-- Organization + branch
insert into organizations (id, name, slug, plan_tier)
values ('00000000-0000-0000-0000-000000000001','Lagoon Hospital (Demo)','lagoon-demo','growth');

insert into branches (id, organization_id, name, address, geo, geofence_radius_m)
values ('00000000-0000-0000-0000-0000000000b1','00000000-0000-0000-0000-000000000001',
        'Lagoon — Ikeja','Ikeja, Lagos',
        ST_SetSRID(ST_MakePoint(3.3515, 6.6018),4326)::geography, 300);

-- Departments (the hospital pipeline)
insert into departments (id, organization_id, branch_id, name, type) values
 ('00000000-0000-0000-0000-0000000000d1','00000000-0000-0000-0000-000000000001','00000000-0000-0000-0000-0000000000b1','Reception','reception'),
 ('00000000-0000-0000-0000-0000000000d2','00000000-0000-0000-0000-000000000001','00000000-0000-0000-0000-0000000000b1','Consultation','clinical'),
 ('00000000-0000-0000-0000-0000000000d3','00000000-0000-0000-0000-000000000001','00000000-0000-0000-0000-0000000000b1','Laboratory','clinical'),
 ('00000000-0000-0000-0000-0000000000d4','00000000-0000-0000-0000-000000000001','00000000-0000-0000-0000-0000000000b1','Pharmacy','clinical'),
 ('00000000-0000-0000-0000-0000000000d5','00000000-0000-0000-0000-000000000001','00000000-0000-0000-0000-0000000000b1','Cashier','billing');

-- A counter/room per serving dept
insert into counters (organization_id, department_id, name) values
 ('00000000-0000-0000-0000-000000000001','00000000-0000-0000-0000-0000000000d1','Front Desk'),
 ('00000000-0000-0000-0000-000000000001','00000000-0000-0000-0000-0000000000d2','Room 3'),
 ('00000000-0000-0000-0000-000000000001','00000000-0000-0000-0000-0000000000d3','Lab Bench 1'),
 ('00000000-0000-0000-0000-000000000001','00000000-0000-0000-0000-0000000000d4','Pharmacy Window'),
 ('00000000-0000-0000-0000-000000000001','00000000-0000-0000-0000-0000000000d5','Cashier 1');

-- Services with cold-start duration seeds (seconds)
insert into services (id, organization_id, department_id, name, avg_duration_seconds) values
 ('00000000-0000-0000-0000-0000000000a1','00000000-0000-0000-0000-000000000001','00000000-0000-0000-0000-0000000000d1','Registration',180),
 ('00000000-0000-0000-0000-0000000000a2','00000000-0000-0000-0000-000000000001','00000000-0000-0000-0000-0000000000d2','General Consultation',720),
 ('00000000-0000-0000-0000-0000000000a3','00000000-0000-0000-0000-000000000001','00000000-0000-0000-0000-0000000000d3','Lab Test',540),
 ('00000000-0000-0000-0000-0000000000a4','00000000-0000-0000-0000-000000000001','00000000-0000-0000-0000-0000000000d4','Dispense Medication',300),
 ('00000000-0000-0000-0000-0000000000a5','00000000-0000-0000-0000-000000000001','00000000-0000-0000-0000-0000000000d5','Payment',180);

-- Staff
insert into staff (organization_id, display_name, role, department_id, status) values
 ('00000000-0000-0000-0000-000000000001','Admin (Demo)','org_admin', null, 'offline'),
 ('00000000-0000-0000-0000-000000000001','Mrs Adeyemi','receptionist','00000000-0000-0000-0000-0000000000d1','online'),
 ('00000000-0000-0000-0000-000000000001','Dr. Okafor','staff','00000000-0000-0000-0000-0000000000d2','online'),
 ('00000000-0000-0000-0000-000000000001','Lab Tech Bello','staff','00000000-0000-0000-0000-0000000000d3','online'),
 ('00000000-0000-0000-0000-000000000001','Pharmacist Musa','staff','00000000-0000-0000-0000-0000000000d4','online'),
 ('00000000-0000-0000-0000-000000000001','Cashier Eze','staff','00000000-0000-0000-0000-0000000000d5','online');

-- Flow (F1): the canonical outpatient care pathway, published v1
insert into flows (id, organization_id, name, industry_template, is_published)
values ('00000000-0000-0000-0000-0000000000f1','00000000-0000-0000-0000-000000000001','Outpatient Visit','hospital',true);

insert into flow_versions (id, flow_id, version_no, notes)
values ('00000000-0000-0000-0000-0000000000f2','00000000-0000-0000-0000-0000000000f1',1,'Seed: Reception→Consult→Lab→Review→Pharmacy→Cashier');

update flows set current_version_id='00000000-0000-0000-0000-0000000000f2'
 where id='00000000-0000-0000-0000-0000000000f1';

insert into flow_stages (flow_version_id, position, name, department_id, service_id, est_duration_seconds, requires_triage, is_optional) values
 ('00000000-0000-0000-0000-0000000000f2',1,'Reception',   '00000000-0000-0000-0000-0000000000d1','00000000-0000-0000-0000-0000000000a1',180,false,false),
 ('00000000-0000-0000-0000-0000000000f2',2,'Consultation','00000000-0000-0000-0000-0000000000d2','00000000-0000-0000-0000-0000000000a2',720,true ,false),
 ('00000000-0000-0000-0000-0000000000f2',3,'Laboratory',  '00000000-0000-0000-0000-0000000000d3','00000000-0000-0000-0000-0000000000a3',540,false,true ),
 ('00000000-0000-0000-0000-0000000000f2',4,'Review',      '00000000-0000-0000-0000-0000000000d2','00000000-0000-0000-0000-0000000000a2',300,false,true ),
 ('00000000-0000-0000-0000-0000000000f2',5,'Pharmacy',    '00000000-0000-0000-0000-0000000000d4','00000000-0000-0000-0000-0000000000a4',300,false,true ),
 ('00000000-0000-0000-0000-0000000000f2',6,'Cashier',     '00000000-0000-0000-0000-0000000000d5','00000000-0000-0000-0000-0000000000a5',180,false,false);

commit;
